Id_pol,NB_Claim,AMT_Claim
212433,1,1137
124370,1,3170
208357,1,3753
141403,1,16
173366,1,41774
207020,1,1837
214687,1,1446
211874,1,468
148689,1,6432
202968,1,10939
123128,1,440
178495,1,2881
134492,1,1536
156801,1,0
180702,1,722
191242,1,2705
163584,1,288
219446,1,1613
216762,1,1095
192019,1,1413
150838,1,1942
138224,1,6935
188224,1,0
191459,1,2146
159236,1,2991
128955,1,1949
180313,1,13
170960,2,5456
195681,1,3152
140741,1,28482
124260,1,551
134657,1,1847
196193,1,1733
194581,1,236
184828,1,2117
156797,1,675
126345,1,1555
137185,1,489
159415,1,1716
123752,2,13973
167433,1,6658
205027,1,1734
141459,1,296
219101,1,119
144237,1,12413
167759,1,11280
124702,1,1153
154979,1,1783
180779,1,1691
205323,1,722
199252,1,2146
212302,1,397
175447,1,27255
185356,1,5843
197147,1,4546
181957,1,2095
211527,1,660
209647,1,1502
153096,1,2457
123144,1,806
185835,1,1322
147404,1,3677
151245,1,497
213115,1,0
175552,1,2252
145099,1,3682
144539,1,524
197298,1,3256
141868,1,644
181990,1,1458
159242,1,1817
178897,1,191
121253,1,279
172986,1,8125
196803,1,4867
163150,1,1700
121748,1,0
131899,1,4443
150962,1,4288
118093,1,0
218368,1,866
153945,1,976
213164,1,14955
132319,2,33692
129381,1,3125
218968,1,3665
221064,1,5958
137333,1,2029
130822,1,1614
152864,1,0
181191,1,495
175937,1,558
138090,1,1393
152735,1,343
205673,1,1346
183570,1,1362
124135,1,6
169863,1,2540
200141,1,3981
140518,1,2745
161988,1,1507
176492,1,3235
202524,1,215
165235,1,1174
206804,1,5926
163911,1,3512
145779,1,7620
152772,1,11369
189225,1,834
193820,1,35
151383,1,1260
207770,1,3227
133716,1,4998
121651,1,7931
130093,2,23484
156625,1,0
178918,1,356
140276,1,9268
167887,1,8423
151924,1,3282
126115,1,279
131332,1,2947
152273,1,7305
215582,1,59
219049,1,477
207501,1,2102
170000,1,491
215147,1,3278
136494,1,6239
142492,1,5844
182064,1,1571
161255,1,1050
162046,1,3054
131093,1,521
121171,1,24794
216110,1,0
206485,1,1837
193803,1,798
146628,1,1584
219026,1,2981
110491,1,0
195848,1,2854
129122,1,4494
121089,2,1567
209313,1,69
209179,1,1848
122976,1,491
177684,1,299
170622,1,1897
153350,1,5470
179657,1,0
135238,1,44
215793,1,1461
162199,1,1083
187699,1,689
135313,1,1640
202920,1,299
137954,1,422
202348,1,0
126563,1,1272
128336,1,6001
122252,1,2311
153026,1,2939
139960,1,4018
202626,1,261
182900,1,9751
138156,1,385
159218,1,2914
180166,1,2213
176631,1,861
165196,1,0
194311,1,3773
124677,1,181
146950,2,8450
121537,1,200
141324,1,1374
176981,1,8158
148278,1,1362
177744,1,2017
204536,1,4814
208938,1,10215
186586,1,3490
142229,1,3652
155185,1,221
202268,1,3345
126340,1,486
206575,1,2465
158637,1,3320
212917,1,3831
180814,1,1336
183913,1,3849
165968,1,18870
189921,1,729
132028,1,1046
211063,1,31941
137312,1,3560
218142,1,1682
142026,1,1228
191604,1,3408
155600,2,1627
147493,1,11485
151586,1,5740
181721,1,1013
122623,1,406
129865,1,1756
191035,1,578
126645,1,0
197921,1,5110
166544,1,1070
129429,1,1370
131241,1,24221
130669,1,3135
185906,1,4175
135295,1,917
202008,1,11956
216367,1,563
213172,1,3445
127038,1,456
180394,1,1830
147682,1,216
215079,1,0
143927,2,8297
171712,1,1569
186108,1,771
219543,1,23096
130653,1,0
147829,1,3718
215695,1,2921
155031,1,2894
152064,1,266
152564,1,2048
124284,1,285
161040,1,3355
197082,1,2683
133170,1,12753
194603,1,10534
154760,1,159
205574,1,19814
123947,1,254
213883,1,73
152953,1,1459
195661,1,5584
165041,1,484
170328,1,11212
112027,1,0
170890,1,237
136346,1,640
206772,1,811
146754,1,0
207322,1,0
178114,1,115
203245,1,4346
215814,2,1246
152976,1,1234
163838,1,3260
176286,1,18101
196568,1,0
185072,1,173
169156,1,1703
138737,1,1770
165807,1,4809
166492,1,13498
219966,1,1110
176444,1,0
181853,1,4722
166601,1,5076
139964,1,1732
220348,1,714
191471,1,4592
157974,1,103
139504,1,606
134039,1,650
157841,1,279
167101,1,1885
209098,1,404
188357,1,1789
173633,1,988
198433,1,2331
143853,1,911
201249,1,3175
145985,1,569
180811,1,0
150972,1,5940
128076,1,2304
166858,1,533
149937,1,3236
165574,1,0
137178,1,0
192927,1,491
193970,1,0
206698,1,23522
172413,1,416
178485,1,11942
165413,1,0
154427,1,13767
138003,1,1878
172585,1,1083
121670,1,648
158536,1,2803
127903,1,5170
133518,1,6811
143593,1,93
211488,1,996
136143,1,632
131727,1,1238
209306,1,1067
144701,1,981
208865,1,2014
164800,1,513
140852,1,1011
141897,1,2817
174288,1,0
135457,1,4584
196991,1,3375
197869,1,129
210666,1,0
188642,1,738
185277,1,77
192112,1,1090
140000,1,339
153695,1,2200
194909,1,17
154776,1,7145
122107,1,961
204833,1,580
216970,1,0
159081,1,1397
146218,1,116
135155,1,5019
180748,1,0
189362,1,2201
151226,1,1504
198885,1,9727
203470,1,2558
219512,1,0
150128,1,3666
218477,1,2236
174926,2,3461
123900,1,3259
144520,1,1146
178824,1,1043
195755,1,1199
190476,1,9
200546,1,2742
125611,1,1228
196773,1,1712
149997,1,4056
163228,1,1780
129571,1,9433
135592,1,3841
210595,1,70
180564,1,4305
214709,1,2300
173152,1,9621
187588,1,2022
141083,1,1304
201125,1,613
145867,1,4117
182213,1,279
216252,1,18123
217103,1,3789
121827,1,0
202880,1,5015
174292,1,4546
185132,2,544
124924,1,0
214229,2,5604
192882,1,50982
129704,1,843
179172,1,1669
207349,1,3594
114088,1,0
207113,1,11695
144023,1,1693
140940,1,4349
197568,1,3919
171597,1,0
143112,1,2693
124453,1,542
181711,1,736
205745,1,319
146428,1,0
144142,1,368
185280,1,820
212957,1,750
147931,1,4798
187773,1,12335
203038,1,3114
111124,1,0
218808,1,4193
142454,1,12
199254,1,10167
207403,1,0
134731,1,6603
177307,1,709
219426,1,2906
210461,1,271
144233,2,6346
197336,1,0
148770,1,506
196310,1,1274
192714,1,423
127628,1,1735
138627,1,1702
172985,1,636
153220,1,4384
159908,1,2860
154330,1,332
166547,1,4172
166644,1,3500
188753,1,477
142955,1,5525
155320,1,734
124331,1,0
161800,1,0
134097,2,5358
204301,1,4430
219703,1,3561
221017,1,2317
220313,1,4355
125658,1,1848
186794,1,0
158411,1,0
197457,1,1405
218095,1,2633
150254,1,854
217331,1,3576
170112,2,9099
165352,1,7388
197381,1,434
157093,1,1912
138041,1,0
138548,1,495
127042,1,1238
126674,1,2883
176485,1,3828
171262,1,5063
173917,1,6
159497,1,835
138308,1,3871
196890,1,577
202943,1,1501
205094,1,1833
198150,1,1074
215203,1,0
135745,1,2346
195741,1,0
186969,1,661
166638,1,848
171242,1,2423
204577,1,314
214129,1,4401
133792,1,1112
197769,1,4536
215843,1,0
169509,1,1248
126035,1,2998
155973,1,1242
192041,1,10119
183676,1,2
199974,1,0
149973,1,8922
123427,1,5329
199275,1,624
187100,1,1106
150343,1,2509
184344,1,6541
214307,1,2981
208614,1,234
197759,1,172
162538,1,921
130484,1,2401
166474,1,666
122138,1,1530
151352,1,725
163255,1,1339
136130,1,2479
140005,1,3386
162685,1,3744
148086,1,5202
200695,1,1880
171443,1,2580
199463,1,3849
133077,1,12704
220246,1,169
192955,1,31695
136486,1,852
210709,1,1980
121794,1,10998
213436,1,2473
162282,1,6206
163727,1,1452
168231,1,1213
148310,1,3761
136393,1,13881
145636,1,2149
139818,1,1556
158760,1,2698
132196,1,454
162763,1,4103
155910,1,18380
196980,1,8373
197894,1,1890
177033,1,513
153637,1,9104
167826,1,2249
148946,1,59
161616,1,764
122609,1,318
148377,1,3540
197424,1,801
104904,1,0
130750,1,3802
133155,1,5703
198647,1,7582
173401,1,504
153918,1,811
167802,1,1180
126631,1,0
182096,1,2117
183713,1,0
178722,1,1257
146620,1,416
180366,1,6854
140885,1,4205
144716,1,25911
161340,1,827
176810,1,972
152180,1,14901
168080,1,1654
150221,1,131
208668,1,0
134812,1,4096
161390,1,1278
142926,1,111
201285,1,2398
128981,1,0
124120,1,0
218994,1,18559
217248,1,372
198444,1,5849
160114,1,7782
132343,1,1867
192034,1,1
189287,1,2706
150504,1,9356
213404,1,0
189888,1,20042
209032,1,1964
134867,1,0
125262,1,3131
168807,1,2148
198078,1,513
176947,1,16548
146960,1,1538
188963,1,2012
139146,1,196
189654,1,2371
205188,1,2209
155822,1,552
198290,1,3979
181634,2,3737
127122,1,0
169328,2,14503
123829,1,33
196990,1,2944
140208,1,318
141432,1,2396
142906,1,1781
169448,1,6662
143397,1,749
207151,1,3491
147809,1,413
185104,1,6496
208687,1,268
137870,1,777
167629,1,882
208504,1,92
154769,1,0
137068,1,4268
131735,2,34818
134634,1,3673
145481,1,7866
204991,1,14055
196397,1,588
218297,1,5688
157383,1,10407
142383,1,19310
129194,1,2725
169118,1,377
149885,1,764
181322,1,5222
205714,1,1386
164572,1,0
181213,1,2695
130234,1,2753
124996,1,829
185970,1,4061
182933,1,5901
139803,2,2970
154404,1,2755
160961,1,509
174156,1,7130
151973,1,20103
145429,1,2446
140686,1,2781
135743,2,667
173085,1,3509
140194,1,1139
143578,1,1344
199693,1,574
151135,1,10538
196847,2,3095
126927,1,7464
128491,1,0
164864,1,4438
127828,1,12456
214017,1,3142
195796,1,1967
180757,1,0
188528,1,475
208617,1,3266
180977,1,0
180106,1,0
171567,1,0
134236,1,542
125224,1,0
146984,1,5383
128368,1,613
146946,2,2180
131077,1,287
215594,1,1921
201236,1,863
220064,1,0
123995,1,1776
145856,1,1236
161994,1,13258
149298,1,324
215879,1,4858
124886,1,279
180142,1,1643
171987,1,834
156925,1,1340
202306,1,10257
137429,1,1623
207864,1,5772
195127,1,477
192843,1,0
172096,1,11018
192660,1,597
183030,2,4179
151879,1,565
219006,1,574
169847,1,0
147335,1,538
201845,1,2844
134073,1,4969
160748,1,1092
200093,1,0
159278,1,84
108319,1,0
169108,1,0
205338,1,2135
217373,1,1819
156260,1,2211
202154,1,3629
139479,1,188
189525,1,1033
208315,1,2662
176823,1,563
123326,1,0
201196,1,716
176364,2,1110
134407,1,9998
194518,2,8898
148677,1,3380
196775,1,519
135191,1,4762
198730,1,2754
158430,1,2930
201974,1,885
193588,1,0
148319,1,3837
131507,1,517
126270,1,8376
135268,1,4772
194724,1,530
206552,1,656
189093,1,0
159567,1,384
161341,1,1357
165014,1,394
128938,1,2089
129154,1,4389
148234,1,1185
161618,1,0
208158,1,4651
187033,1,2588
132349,1,363
141914,1,9669
161991,1,1405
180923,1,608
124563,1,3209
207357,1,355
173879,1,1833
145750,1,103
131501,1,1922
150682,1,1825
179637,1,0
126264,1,3194
160649,1,4908
197540,1,6107
161297,1,7285
179697,1,0
212678,1,1304
155018,1,1424
214393,1,164
159153,1,5649
218796,1,115
131029,1,958
148781,1,1231
192895,1,1368
216352,1,283
122096,1,566
149721,1,87
144751,1,520
220983,1,2035
175715,1,1446
121647,1,1230
127411,2,8903
148348,1,4813
153092,1,1213
140562,1,3976
138552,1,1915
143549,1,1055
195398,1,1039
146417,1,6007
130684,1,1953
146847,1,1065
171500,1,1365
148034,1,2092
164279,1,1005
133326,1,2893
151339,1,0
205666,1,224
185130,1,3065
191584,1,3230
167020,1,3007
155282,1,0
125050,1,414
204017,1,8870
170733,1,2060
144297,1,298
133108,1,2281
144094,1,834
136227,1,8053
220237,1,1320
209248,1,918
131559,1,325
161455,1,4247
136851,1,818
196355,1,2853
215246,1,727
179616,1,0
155919,1,1893
132950,1,4401
208067,1,2777
144773,1,1745
145981,1,2815
131967,2,639
161307,1,0
143376,1,1497
193900,1,487
144868,3,2703
174982,1,3137
172607,1,2430
154732,1,1960
191775,1,1142
147865,1,54
202278,1,5439
157676,1,747
132045,1,1469
180800,1,0
140015,1,3248
215350,1,337
161119,1,1513
201745,1,303
213801,1,256
206614,1,326
203525,1,2907
203274,1,44634
122256,1,756
162285,1,797
135272,1,314
169538,1,4882
150516,1,2080
183333,1,248
162709,1,989
181145,1,1463
214141,1,5551
129248,1,496
172728,1,1692
217973,1,2057
121267,1,2121
188981,1,2934
143389,1,2154
142153,1,3350
205790,1,2156
134315,1,0
182528,1,1838
175234,1,1538
168553,1,2147
189809,1,2434
147411,1,1164
130839,1,140
128715,1,0
185005,1,1210
199276,1,762
167196,1,1693
212038,1,1881
217904,2,7807
167419,1,14191
137646,1,0
214099,1,695
206012,1,2106
170175,1,1199
202108,1,747
139912,1,2136
128496,1,6662
189238,1,1155
214732,1,1717
160087,1,933
173314,1,3788
158185,2,3233
169749,1,2030
136961,1,7680
155124,1,979
204569,1,0
175372,1,0
121690,1,1173
211127,1,2944
142059,2,9119
212164,1,10020
178949,1,9269
163420,1,4350
200484,1,3020
189209,1,3970
125222,2,13797
130286,1,3533
158832,1,4054
142947,1,3257
135239,1,3947
192142,1,0
181529,1,8208
185363,1,1900
209621,1,4684
219200,1,1539
185717,1,1653
128600,1,7536
127886,1,1495
197151,1,821
184830,1,510
217765,1,0
190163,1,0
161477,2,956
193414,1,64
127192,1,1920
121956,1,2860
220071,1,4120
163368,1,516
180634,1,34602
169553,2,8482
136428,1,2218
132007,1,10401
168508,1,0
216165,1,888
190937,1,262
198448,1,2286
131325,1,18854
201335,1,2212
183412,1,1672
189837,1,1500
203885,1,1837
186510,1,4900
190651,1,1260
214388,1,0
215395,1,237
159657,1,5446
148087,1,2738
214465,1,528
147580,1,79
220982,1,1006
162844,1,5508
175155,1,3042
193207,1,1377
146245,1,2278
145075,1,179
220821,1,3270
142562,1,2599
145343,1,530
182167,1,2700
148683,1,1195
198320,1,2601
207666,1,10614
214277,1,0
160383,1,2673
198725,1,7837
192071,1,4369
169417,1,154
125831,1,531
151870,1,2014
146044,1,321
127635,1,575
133288,1,3107
211675,1,6759
171271,2,2641
160464,1,693
185391,1,2409
179457,1,38
143247,1,9892
161809,1,624
184979,1,2171
165749,1,7214
168740,1,2167
139457,2,623
184596,1,0
218104,1,1610
162027,1,2997
157086,1,6379
212406,2,737
202384,1,2771
209971,1,3931
136850,1,972
191475,1,3840
177146,1,6207
139669,1,0
207641,1,5294
124024,1,346
174144,1,1257
180847,3,2714
129826,1,6193
214047,1,6727
152066,1,531
186798,1,3380
192294,1,2089
130429,1,501
192557,1,4741
128445,1,558
144453,1,0
131681,1,1887
145462,1,4102
124811,1,4252
133713,1,40008
207171,1,3845
175248,1,3215
162766,1,997
194526,1,1851
175286,1,37493
135284,1,5814
134465,1,1063
137576,1,2656
193970,1,1867
126977,1,923
220831,1,618
158438,1,1194
181822,1,4565
201094,1,2891
203953,1,802
168592,1,1475
207589,1,1736
169179,1,688
210069,1,4958
184776,1,348
194232,1,7970
176195,1,3506
193264,1,318
159843,1,3907
211651,1,2871
182780,1,18738
164917,1,1062
125635,1,526
183796,1,556
141711,1,3116
149266,1,3175
188065,2,2906
218683,1,6318
147430,1,3787
181370,1,2301
208303,1,3157
149348,1,976
132351,1,66
196228,2,1530
175508,1,2455
192540,1,837
206897,1,2012
148745,1,706
136535,1,255
177457,1,1296
188539,1,90
215044,1,598
202003,1,1272
177035,1,25
217595,1,594
197615,1,1830
122267,1,0
133245,1,4221
159789,1,9044
148982,1,1758
138484,1,2542
164660,1,1147
134209,1,3685
156905,1,0
133319,1,991
190597,1,6433
213913,1,2509
167443,1,1950
191588,1,3007
150351,1,3616
146568,1,4312
144864,1,95
147707,1,0
150116,1,529
206386,1,0
209583,1,1639
216559,1,1884
199433,1,1896
149572,1,10968
168728,1,458
135385,1,2361
149246,1,3086
156992,1,12905
202200,1,3141
196502,1,4327
121305,1,1198
208657,1,3366
193700,1,502
183564,1,934
210131,1,7623
210677,1,1324
152135,1,3064
205034,1,22073
177394,1,3633
155080,1,537
155729,1,293
172819,1,537
128824,1,1114
189993,1,320
182945,1,0
168371,1,408
184579,1,1163
146865,1,1989
129595,1,13214
153067,1,0
192214,1,6833
169699,1,4361
161678,1,1466
136385,1,989
171202,1,6333
136341,1,6799
149197,1,3377
107157,1,0
207872,1,2897
199184,1,12661
168896,1,270
161009,1,10931
153159,1,0
141735,1,2103
214158,1,0
190507,1,618
177861,1,59
136803,1,2827
215032,1,0
212081,1,3872
148491,1,9383
139828,1,311
125439,1,183
142682,1,451
202413,1,395
189038,1,6094
177871,1,2507
144371,1,3784
220632,1,1764
153647,1,688
174136,1,2834
208768,1,1882
130030,1,0
205444,1,5462
144506,1,3729
159768,1,148
156654,1,540
215515,1,16941
191164,1,0
130508,1,102
209363,1,1529
174934,1,0
197379,1,0
171929,1,3901
213438,1,2613
176464,1,1421
211805,1,10656
139583,1,1315
220551,1,1566
181301,1,1154
111482,1,0
124299,1,1886
205148,1,639
172207,1,1479
148926,1,0
202809,1,4344
137730,1,624
153964,1,1345
180297,1,2671
127125,1,1245
178692,1,3258
138514,1,2812
199686,1,762
138220,1,2022
145942,1,2700
165088,1,690
156894,1,1594
191593,1,0
210895,1,2351
166664,1,2920
188195,1,3101
169829,1,0
210023,1,1511
216293,1,1557
213278,1,2379
122840,1,4240
109220,1,0
136412,1,5441
193765,3,4268
158408,1,1790
122039,1,1603
212133,1,2238
203415,1,0
124697,1,4124
216590,1,5969
139377,1,4626
125004,1,7131
154989,1,1656
130351,1,387
142768,1,1601
162666,1,1761
154427,1,0
183038,1,0
170597,1,0
210834,1,1058
130648,1,3214
182578,1,1242
127323,1,1100
204739,1,0
182883,1,1652
176776,1,6043
187317,1,76
192259,1,254
201864,1,1544
144558,1,2503
189481,1,1877
179336,1,837
175895,1,534
210725,1,0
176418,1,3075
211118,1,315
165573,1,1145
191434,1,0
149734,1,4378
197371,1,10937
202819,1,352
165638,1,4092
158275,1,3979
196616,1,793
123816,2,8271
209866,1,1917
198286,1,720
165583,1,658
132755,1,1366
178691,1,1012
128362,1,1026
165628,1,21635
175651,1,555
185291,1,1962
176197,1,3942
144992,1,4361
215260,1,2233
122277,2,8304
176867,1,204
173574,1,1075
183285,1,2297
188165,1,1756
170889,1,0
179671,1,1420
219160,1,466
214695,1,1089
164204,1,5316
139096,1,11190
182198,2,2148
151338,1,9607
176254,1,1363
201097,1,706
192769,1,2669
200355,1,0
129626,1,0
191144,1,11905
164747,1,2626
172917,1,429
178766,1,474
145027,1,3640
125735,1,5075
173513,1,2262
155459,1,0
162499,1,499
124515,1,1150
182007,1,1006
191864,1,50
141558,1,3943
166937,1,2109
203820,1,0
144464,1,589
174152,1,4341
199443,2,14581
208862,1,4343
166438,1,427
175217,1,72
136535,1,0
193986,1,5988
122632,1,266
165054,1,2240
197504,1,2906
152249,1,2797
137158,1,1377
183049,1,2578
199073,1,3100
155845,1,729
142219,1,3423
213311,1,8339
141653,1,1364
141215,1,4461
172014,1,0
187748,1,0
145031,1,61
137907,1,5276
158639,1,5392
167435,1,10710
134913,1,5913
188776,1,4593
140983,1,0
197885,1,1095
123214,1,0
208616,1,6213
147651,1,2464
184454,1,1675
199521,1,2906
160662,1,1946
175906,1,882
146314,1,4647
203359,1,3861
152498,1,0
150845,1,3427
129722,2,8369
124158,1,3701
160734,1,2283
146266,1,535
191645,2,391
210807,1,224
153876,1,2394
128551,2,387
189988,1,590
125401,1,6047
165230,1,760
145894,1,9535
174599,1,0
175999,1,746
133551,3,3337
208550,1,5526
195389,1,0
155381,1,11156
172488,1,1634
173156,1,1274
197975,1,33804
134973,1,4209
190197,1,2513
126828,1,6143
187977,1,0
127018,2,4056
141722,1,1811
155427,1,5505
175362,1,1642
135101,1,3792
140219,1,3025
127024,2,5416
212991,1,1665
156310,1,985
148438,1,0
148837,1,374
203162,1,193
138273,1,22118
121867,1,7580
214947,1,56
217628,1,2210
166684,1,1449
159528,1,546
170479,1,1453
129676,2,634
187661,1,6364
184816,1,1379
201825,1,1149
171900,1,2279
218367,1,2897
199026,1,453
184398,1,5874
193338,1,2539
171847,1,2675
200216,1,1517
168048,1,1592
210338,2,14594
152477,1,2397
194212,1,1935
177771,1,3865
158520,1,12450
154908,1,392
217112,1,4591
138967,1,444
191525,1,117
209060,1,1366
159603,1,1313
124188,2,560
163855,1,3617
159971,1,2019
189905,1,3427
210074,1,4338
124788,1,6795
183683,1,2481
190916,1,9192
191666,1,1967
123737,1,2182
192693,1,715
169981,2,7979
209166,1,0
192228,1,4883
131695,1,4446
159037,1,1792
126723,1,1896
197305,1,10854
195568,1,338
209839,1,2873
208910,1,1456
188489,1,90
169811,1,1515
209613,1,1943
123932,1,918
172102,1,1711
169796,1,6143
121645,1,2710
206808,2,5473
124045,1,4347
123227,1,5437
206915,1,19
218803,1,0
193350,1,0
155872,1,8271
165123,1,32318
207674,1,2238
202891,1,0
144440,1,5115
161214,1,0
172911,1,3285
163891,1,3433
212579,1,0
136116,1,1277
137665,1,681
220802,1,0
149725,1,6406
161238,1,3404
140244,1,2720
188801,1,3771
136660,1,2730
165800,1,589
188833,1,382
216542,1,2684
140173,1,1617
199218,1,6326
201087,1,2950
183874,2,1668
184811,1,1710
136607,1,1503
214144,1,94
167859,1,2493
146442,1,0
160694,1,1248
201721,1,1541
137025,1,584
166105,1,1822
192857,1,1715
154879,2,6833
130157,1,6004
127012,1,4049
169907,1,17797
219046,1,1527
164554,1,971
204285,1,41
142289,1,15848
171077,1,1238
197995,2,5307
158711,1,3609
136251,1,783
127131,1,4462
207638,1,192
158575,1,3481
191082,1,5588
220208,1,533
183516,1,2896
131638,1,211
142612,1,1607
157713,1,3804
206785,1,299
166287,1,1885
124358,1,85
105333,1,0
200788,1,1747
135423,1,566
136289,1,1818
139752,1,3524
192745,1,13598
139429,1,2708
220536,1,2168
131216,1,0
154004,1,3264
131504,1,7868
171771,1,4152
172916,1,5048
176861,1,1377
201029,1,2488
155151,1,2469
132394,1,358
197917,1,7020
134383,1,8026
203844,1,93
205512,1,12624
215481,1,1279
206837,1,9324
138950,1,0
152078,1,1164
208935,1,1625
143105,1,4381
192410,1,0
203925,1,0
173409,1,5436
206711,1,2588
155272,1,2239
126976,1,169
193499,1,0
124391,1,1908
156604,1,2102
219068,1,1860
152789,1,27963
200919,1,1259
159984,1,2417
174747,1,1764
219910,1,0
188471,1,1689
220102,1,256
188230,1,0
122980,1,183
182736,1,2062
123984,1,30
210435,1,3237
122227,1,3381
143301,1,3578
203288,1,1130
149586,1,935
156481,1,703
155977,1,202
145219,1,1281
168279,1,4163
141893,1,2438
129377,1,994
127634,1,2455
217715,1,12953
196300,1,8100
150092,1,1446
170725,1,0
210546,1,5559
113592,1,0
199858,2,851
121910,1,1976
217157,1,1201
160668,1,2343
148547,1,2921
209188,1,4583
210341,1,323
186478,1,1391
176102,1,317
179437,1,2370
132662,1,1035
201654,1,1932
195003,1,0
206168,1,11411
131121,1,1057
173090,1,1626
170859,1,1117
137705,1,0
177179,1,753
175440,1,2067
162272,1,1032
202636,1,1565
159753,1,0
162019,1,13622
151169,1,1451
204709,1,6626
154978,1,339
159637,1,0
170828,1,2016
128589,1,3828
158952,1,2572
161171,1,2934
164428,1,98
130900,1,3580
157697,1,169
184640,1,1834
177093,1,3407
129608,1,1195
155527,1,9530
142819,1,987
201169,1,5154
175220,1,1506
123120,1,0
152738,2,8235
175095,1,1582
181677,1,9052
189149,1,2533
185821,1,3821
205328,1,4534
131886,1,7252
133542,1,5174
146229,1,1545
185203,1,3151
206267,1,1914
144555,1,993
157793,1,2129
189813,1,543
207750,1,872
148981,1,18063
173566,1,8390
167809,1,340
131831,2,824
218877,1,1837
136617,1,887
141510,1,262
166914,1,1562
156965,1,2539
216434,1,2661
169245,1,6501
141188,1,0
178474,1,5
149062,1,0
155369,1,445
192318,1,5658
197227,1,800
207307,1,405
147751,1,4236
139552,1,3748
138342,1,0
202049,1,1291
111905,1,0
220224,1,7375
136293,1,113
162372,1,11602
220019,1,11485
216997,1,447
203386,1,2382
153527,1,4466
153838,1,626
124048,1,0
140586,1,314
168798,1,0
211563,1,2395
163385,1,1758
207238,1,0
167862,1,171
169106,1,705
122948,1,4097
197588,1,3667
162576,2,30120
168874,2,1384
151448,1,5245
129436,1,732
201862,1,1794
156207,1,514
125035,1,1178
210132,1,722
152629,1,5790
144772,1,5143
204687,1,1577
181741,1,1298
130404,1,0
139559,1,1184
166506,1,153
198151,1,1645
164478,1,221
193961,1,3453
162746,1,9276
168010,1,1680
132410,2,959
160226,1,0
181868,1,2414
201876,2,7585
132455,1,643
195431,1,7326
141275,1,1505
176554,1,7886
159339,1,0
198790,2,8314
135147,1,0
164998,1,1008
160729,1,0
153722,2,13181
188307,1,11732
129068,1,1444
159741,1,0
168822,1,834
205551,1,1881
135047,1,1170
203467,1,922
145904,1,4260
189059,1,2676
212288,1,110
165518,1,919
151619,1,8246
204512,1,90
129887,1,4135
195723,1,48656
135201,1,1037
180712,1,4933
211008,1,1774
127284,1,7412
212660,2,7803
147218,1,43
198639,1,177
180532,1,1810
188793,1,1164
220007,1,1798
135395,2,8448
212375,1,1250
181273,1,0
124272,1,1521
175176,1,72
191403,1,0
155586,1,0
182913,1,409
203341,1,0
207905,1,1099
167475,1,417
187579,1,7061
143926,1,418
162821,1,440
201618,1,2410
200139,1,617
169102,1,4641
171617,1,1078
142882,1,1449
177626,1,392
164748,1,1144
190115,1,1982
103553,1,0
150306,1,3129
200804,1,4981
198945,1,44672
190779,1,164
165698,1,11712
156423,1,3984
162387,1,2343
154379,1,3518
188130,1,559
154587,1,5157
145999,1,18975
213710,1,1540
172888,1,258
181484,1,2426
175770,1,2249
219002,1,4282
207265,1,2449
152213,1,2543
209813,1,3635
217941,1,919
156129,1,0
176329,1,1293
161099,1,0
185235,1,2941
174806,1,859
126045,1,1514
192408,1,1514
173415,1,16096
208050,1,2099
176891,1,1139
158585,1,2134
150578,1,183
201908,1,1310
147932,1,2250
129462,1,653
134661,2,8448
219835,1,2786
166742,1,391
158526,1,92
171505,1,271
172192,1,2654
122317,1,10109
136419,1,311
169752,1,7316
192918,1,664
152774,1,1833
143170,1,170
185452,1,1245
161025,1,2244
170224,1,2814
186025,1,3503
132532,2,521
166439,1,231
147258,1,6186
185759,1,1650
179367,1,0
178110,1,523
128534,1,136
150700,1,0
203435,1,733
151868,1,9469
142994,1,2477
205968,1,0
211607,1,1398
137951,1,8624
189066,1,6277
184846,1,761
170239,1,986
176773,1,0
161799,1,3283
130042,1,421
179544,1,0
132555,1,300
149957,1,884
193179,1,6418
166945,3,7307
156650,1,1035
173904,1,0
207396,1,353
145437,1,317
133853,1,21601
180784,1,520
147115,1,284
137136,1,0
177354,1,12767
220607,1,418
141131,1,1031
194439,1,3741
207735,1,2286
151997,1,138
181804,2,14521
108865,1,0
171326,1,2369
159584,1,1750
128819,1,375
134059,1,1802
133645,1,2837
186234,1,2372
213456,3,7231
142778,1,0
208400,1,274
188295,1,1576
161133,1,2042
206748,1,0
186414,1,10953
205202,1,6026
148255,1,1001
157887,1,12646
197719,1,2661
220014,1,105
191223,2,6285
144847,1,1474
170149,1,979
213939,2,3690
145612,1,14302
146259,1,1736
218190,1,278
123471,1,0
155373,1,82
127361,1,2079
149341,1,4703
154788,1,8136
133695,1,8239
135308,1,0
190213,1,0
211756,1,1654
151470,1,0
190623,1,2426
187552,1,286
124471,1,301
147274,1,2342
144667,1,961
192885,1,1519
186532,2,2445
128133,1,1714
128029,1,8065
197812,1,143
201844,1,1622
189519,1,380
189030,1,1040
153906,1,5127
150207,1,5221
132135,1,2254
190767,1,3621
192308,1,7393
118823,1,0
136734,1,5499
196325,1,678
139541,1,1987
154225,1,980
108475,1,0
182028,1,1499
156524,1,204
217432,1,2429
219578,1,2434
131254,1,308
127036,1,1787
132247,1,15257
196406,1,2721
155098,1,2484
179681,1,1352
155789,1,1438
219029,1,2633
158846,1,859
126143,1,0
196572,1,8053
124091,1,454
194797,1,3622
212025,1,2591
151290,1,3592
149661,1,8910
173154,1,0
136477,1,946
205299,1,799
129641,1,2082
184101,1,2464
143123,2,794
146880,1,2476
192400,1,51
176595,1,2107
184363,1,811
154458,1,2408
150459,1,4837
126178,1,2653
207460,1,0
183723,1,0
139200,1,724
128513,1,833
205606,1,2941
209391,1,5171
151106,2,9310
216440,1,2061
181507,1,486
211224,1,1126
181754,1,69
187299,1,0
148355,1,0
220283,1,344
216831,1,9361
205749,1,5233
182031,1,449
195555,1,0
211726,1,983
147493,1,0
211945,1,6473
182229,1,3167
138530,1,8919
151657,1,2314
165944,1,397
194719,1,1807
211786,1,279
188256,1,3152
141609,1,1349
189019,1,38
137104,1,5064
126690,1,883
153246,1,1904
144143,1,5631
199162,1,743
186611,1,8529
146230,1,1360
164667,1,0
167566,1,5029
197903,1,2179
202918,1,17162
178763,1,1579
147757,1,2400
159498,1,1422
144693,1,3288
178689,1,2054
138932,1,2356
146206,1,0
156698,1,529
197880,1,1317
163850,1,306
171733,1,169
203060,1,237
123427,1,0
147163,1,2613
171496,1,14122
203141,1,646
210020,1,2149
207678,1,5752
131092,2,1856
203257,1,1528
100210,1,0
180367,1,2700
122919,1,5505
200339,1,3556
140826,1,5254
193078,1,1729
152926,1,7068
170682,1,1964
188895,1,3315
124804,1,0
159119,1,0
131140,1,1486
139986,1,165
184537,1,0
200685,1,1964
177106,1,1444
154075,1,1631
167784,1,96
147857,1,2003
133465,1,1000
160397,1,655
125062,1,1955
187633,1,0
134440,1,6298
122828,1,0
172982,1,1720
213899,1,3093
122909,1,2240
129234,1,9746
181006,1,230
200827,1,1409
153260,1,519
135121,1,1242
152204,1,0
211207,1,4399
213412,1,2304
162579,1,110
168171,2,10660
215669,1,0
199951,1,2031
164001,1,1731
143290,1,2918
187180,2,0
218166,1,1710
175706,1,391
191512,1,579
167782,1,1827
220795,1,5694
185365,1,3075
142869,1,4743
137511,1,825
156393,1,2988
173388,1,5486
151693,1,7507
132698,1,810
141862,1,6044
193462,1,0
137374,1,11128
203803,1,1709
193959,1,13
187238,1,823
136099,1,7322
144791,1,6723
153908,1,1206
197502,1,742
208646,1,2318
182864,1,411
181852,1,11104
147035,1,834
220523,1,1792
136372,1,1146
182069,1,1400
211343,1,0
172061,1,1941
211364,1,4582
214880,1,734
145692,2,1537
151302,1,7221
155344,1,2128
205102,1,550
186859,1,758
175881,1,0
208467,1,274
206838,1,68
216390,1,1096
207994,1,2516
211550,1,451
150248,1,1975
123718,1,0
179099,2,0
216753,1,6049
214820,1,43
137716,1,36907
211614,1,617
189242,1,5753
154648,1,4405
209658,1,2365
106724,1,0
196642,1,3092
199044,1,5365
134940,1,0
203410,1,299
123075,1,388
207006,1,364
183902,1,16984
149487,1,1311
195105,1,2301
149893,1,10654
147953,1,9239
151822,1,4409
218761,1,2536
165624,1,95
135043,1,11696
154743,1,5585
198785,1,3464
193485,1,186
213969,1,8219
206430,1,863
196110,1,2501
170082,1,332
160757,2,8051
179158,1,2065
213181,1,2280
203269,1,4343
158068,1,1644
131373,1,865
182898,1,936
132101,1,732
172814,1,3862
213331,1,31249
146326,1,2039
158542,1,3569
133052,1,762
147780,1,3068
183286,1,1122
208063,1,4017
161635,1,2744
212906,1,324
130398,1,2297
121707,1,17720
193584,1,358
219083,1,3654
170221,1,4881
123011,1,0
122162,1,512
151790,1,61
193640,1,761
186107,1,1123
139329,1,70
182066,1,3995
173166,1,595
180598,1,5694
153263,1,1235
159461,1,579
210555,1,470
174868,1,11953
178259,1,4890
172639,1,662
153471,1,283
184838,1,3567
183276,1,3831
163295,1,4142
197824,1,4521
167618,1,293
182600,1,386
166639,1,4686
214492,1,3558
171627,1,903
152227,1,16162
153265,1,346
145547,1,275
159575,1,717
178936,1,774
121953,1,2093
146412,1,8662
160438,1,3959
187280,1,16187
126084,1,952
145929,2,4447
148300,1,3521
158652,1,1636
140042,1,530
138968,1,3699
181202,1,247
220181,1,589
201533,1,0
136294,1,2080
157353,1,953
140202,1,0
168825,1,7098
177003,1,2706
177242,1,4462
191225,1,5254
148902,1,526
214663,1,306
136723,1,3
202227,1,812
147788,1,1601
163640,1,319
146722,1,2806
213051,1,56
205521,1,1740
196256,1,3874
216195,1,4089
180165,1,814
198440,1,679
159268,1,2116
122508,1,2260
121249,1,3813
186410,1,2530
122574,1,189
204752,1,559
215522,1,2138
163324,2,4531
173911,1,4153
141188,1,214
169838,1,5257
184151,1,1761
173647,1,1198
218286,1,2627
162640,1,644
188993,1,0
147476,1,10564
174753,1,1464
174709,1,1367
183496,1,4717
148615,1,0
158768,1,1651
209168,1,735
180291,1,634
202398,1,1277
157690,1,1185
144559,1,4921
197240,1,3619
194328,1,0
186225,1,797
197595,1,2309
130222,1,860
178535,1,2834
207392,1,453
204137,1,2216
203308,1,2288
155454,1,0
149999,1,0
154128,1,0
184219,1,2036
216593,1,0
135130,1,364
128371,1,280
147121,1,558
139065,1,1157
168666,1,4235
138778,1,536
209558,1,2581
175142,1,6901
121268,1,3436
176645,1,256
215397,1,948
182262,1,2369
128619,1,1245
146723,1,577
212368,1,3818
217555,1,3830
144770,1,1256
178282,1,2628
181185,1,11497
176157,1,14228
201823,1,0
198155,1,461
174066,1,1961
158747,1,443
122770,1,200
135538,1,4533
128472,1,0
178560,1,477
184917,1,1775
200875,1,3892
169621,1,1948
216914,1,25495
208670,1,1442
176375,1,207
140832,1,4600
172864,1,1350
190670,1,617
134480,1,1474
163236,1,1026
215101,1,3425
162498,1,1020
212697,1,1049
139873,1,7361
211562,1,1417
212654,1,1892
179568,1,2832
148041,1,496
156018,1,895
158810,1,0
162997,1,7074
121858,1,7163
142428,1,7142
200753,1,279
215659,1,381
187222,1,1165
140281,1,2938
138544,1,2825
182751,1,1327
145545,1,2683
135745,1,0
136119,1,149
140962,1,3443
176400,1,90
147068,1,1383
201724,1,4388
211414,1,707
160444,1,3368
183321,1,1360
147591,1,179
181768,1,1193
138164,1,2581
135671,1,829
121221,1,7310
198201,1,0
141377,1,2685
182330,1,0
144048,1,279
186189,1,1276
210782,1,825
174420,1,1582
166935,1,5964
188331,1,4432
185368,1,2614
151063,1,1144
134124,1,903
206516,1,7310
175887,1,438
186451,1,581
190821,1,3354
178085,1,5061
201542,1,6065
187538,1,3470
218301,1,2134
159891,1,908
215064,1,4468
128943,1,521
178293,1,518
152357,1,2259
156899,1,1378
127262,1,6487
186323,1,3891
150353,1,3819
139392,1,1246
207125,1,15974
211274,1,2233
184910,1,1089
149046,1,944
132146,1,5556
209281,1,3989
203939,1,1437
160142,1,21687
170636,1,320
144414,1,8032
147040,1,0
191226,1,1537
216894,1,319
172169,1,63
154926,1,4688
170623,1,0
141253,1,3918
142549,1,627
134734,1,259
163407,1,3888
217678,1,168
178666,1,2396
179622,1,0
151788,2,8339
189759,1,341
142524,1,947
191776,1,1950
137952,1,3024
178065,1,3168
165285,1,1138
184631,1,0
128886,1,9874
188746,2,3604
204304,1,4252
109865,1,0
206096,1,4219
146494,1,176
213943,1,0
216420,2,7707
187366,1,0
135415,1,3639
143221,1,0
192093,1,118
211271,1,2691
140672,1,612
189110,1,1018
199302,1,447
190131,1,371
151265,1,645
152973,1,3948
123763,1,3346
212618,1,0
159386,1,2866
212444,1,417
171456,1,940
130215,1,3105
165494,1,0
174586,1,3642
215721,1,13572
218953,1,3731
144898,1,472
147203,1,2965
134216,1,3225
150007,1,1001
192072,1,1340
186360,1,814
193453,1,250
162226,1,9963
199774,1,1909
150916,1,5265
190824,1,1876
144735,1,842
163398,1,795
183186,1,4033
123956,1,562
127222,1,3783
214933,1,429
185840,1,0
142952,1,748
154657,2,1929
137848,1,9985
179223,1,561
217029,1,1975
192726,1,0
196298,1,255
132522,1,1360
138874,1,8125
184161,1,6071
186349,1,1413
173480,1,0
212100,1,4120
132090,1,3620
180861,1,1651
163765,2,1032
173514,1,786
121384,1,3418
176567,2,3105
213288,2,12836
157693,1,2115
174565,1,9299
209140,1,666
154203,1,0
196236,1,1423
195548,1,664
185956,1,427
157657,1,394
220946,1,655
123758,1,0
182873,1,663
183741,1,28640
196342,1,1914
177782,1,279
175013,1,2947
126123,1,2478
127726,1,3703
171113,1,4276
167955,1,743
172215,1,1244
147982,1,0
179696,1,285
197107,1,3363
217079,1,792
145277,1,2238
136836,1,1499
153750,1,5862
121715,1,1108
181126,1,195
160439,1,323
199565,1,3212
220044,1,7875
215768,1,2994
175795,1,1200
138186,1,2040
165831,1,1195
201549,1,2153
218519,1,5605
170708,1,3177
169050,2,9076
188636,1,1812
152833,1,20384
155655,1,0
194924,1,969
151251,1,1708
143072,1,2574
218500,1,4878
190840,1,6019
218886,1,1090
140270,1,2122
151672,1,1192
194599,1,41
183817,1,12815
213210,1,327
154877,1,0
159219,1,1100
213098,1,2151
173740,1,4702
182851,1,844
197480,1,61
134555,1,1496
203818,1,2140
170618,1,623
199422,1,1180
174368,1,1205
131302,1,16376
185888,1,8530
150970,1,2834
186996,1,1764
152454,1,958
176299,1,0
209094,1,803
160010,1,3563
126546,1,1999
145017,1,900
174477,1,952
149978,1,0
206900,1,2681
144662,1,5026
133502,2,5242
128908,1,2826
150093,1,959
164148,1,0
154987,1,285
192560,1,4329
196483,1,448
136770,1,4659
173770,1,3014
167497,1,856
176319,1,653
174282,1,466
173137,1,0
218396,1,3804
148334,1,2639
154862,1,2387
180952,1,835
181341,1,3992
162959,1,2188
163336,1,0
157605,1,1529
191055,1,1160
182516,1,610
128978,1,2976
215168,1,469
124394,1,1545
215060,1,0
159238,1,6346
177163,1,3238
192792,1,3614
142943,1,279
137726,1,382
149372,1,3172
145354,1,2650
167838,1,6145
128420,1,220
167625,1,593
147168,1,378
126311,1,2263
131938,1,328
145108,1,537
130747,1,2152
171111,1,470
147702,2,702
125666,1,7142
129835,1,160
211085,1,435
213674,1,1670
218029,1,561
210454,1,2911
156329,1,0
215713,1,1672
202381,1,3146
195468,1,2466
178122,1,939
141873,1,269
122810,1,2696
166589,1,27538
140243,1,2227
161306,1,2563
219573,1,461
158257,1,5401
208254,1,307
155097,1,0
188203,1,7173
172596,1,2866
130500,1,2577
156749,1,2197
181696,1,1237
128631,1,78
151170,1,23
200323,1,958
203576,1,445
219617,1,4952
181789,1,1512
147470,1,3152
154194,1,20116
143204,1,2126
184115,1,278
130649,1,0
209109,1,4067
123659,1,581
194426,1,28119
145822,1,10226
186712,1,469
210070,1,2809
220895,1,8762
187193,1,324
128675,1,761
167212,1,1808
149987,1,2824
192281,1,293
164433,1,1979
168344,1,1137
131769,1,4005
174323,1,2418
123332,1,6023
136400,1,1829
131041,1,5650
173133,1,1120
136891,1,2347
197478,1,20089
136184,1,2452
200456,2,715
146767,1,1571
184926,1,0
188289,2,2916
193441,1,1201
156939,1,2776
188621,1,20139
150456,1,545
167096,1,38
201123,1,9785
122160,1,3083
188207,1,8663
158651,1,216
172317,1,5572
180493,1,1223
137607,1,7017
157894,1,868
153800,1,12488
151435,1,0
152329,1,1464
209955,2,6359
181292,1,1411
211042,1,0
118249,1,0
151563,1,6777
204287,1,19141
124565,1,2627
186664,1,779
157300,1,2694
139770,1,0
186152,1,1056
212882,2,3777
202203,1,3208
168903,2,2072
155666,1,6392
171706,1,1055
181766,2,8129
129922,1,5829
179122,1,109
165426,1,2252
219929,1,675
168460,1,156
202385,1,8713
127374,1,3905
129098,2,7118
219276,1,3733
160105,1,1195
146667,1,5424
189919,1,1977
172543,1,1232
125724,1,346
146271,1,1965
209111,1,5035
196663,1,9513
156620,1,1125
185896,1,688
122993,1,1935
192742,1,965
188346,1,1181
141498,1,1905
197749,1,2803
212437,1,688
126027,1,913
204541,1,0
153349,1,7176
207773,1,2048
131665,1,3957
216950,1,7915
143182,1,13557
124090,1,516
193615,1,799
213430,1,0
132125,1,5881
197340,1,5076
184647,1,1325
206436,1,555
153929,1,838
162486,1,698
140919,1,3007
154924,1,1310
189069,1,3881
164674,1,3092
136392,1,366
166742,1,0
162570,1,723
177355,2,617
178695,1,921
131870,1,9380
175439,1,0
151205,1,145
168311,1,0
127156,1,1615
164119,1,1932
159729,1,2240
126357,1,0
195504,1,3652
178494,1,2509
203332,1,4827
202899,1,1374
130300,1,232
197594,1,3382
156416,1,0
126696,1,5292
127300,1,382
160467,1,0
209545,1,1946
128199,1,1593
140630,1,14886
124354,1,4562
195907,1,217
168099,1,456
123141,1,330
153999,1,4412
204936,1,416
123647,1,6625
185815,1,1941
215053,1,6965
206814,1,5222
203165,1,280
170536,1,5145
210299,1,1951
212248,2,2502
205099,1,940
158467,1,655
171084,1,390
149858,1,6874
164285,1,6620
202542,1,2195
195764,1,68
192086,1,8378
162967,1,1663
148792,1,3948
195120,1,6188
123736,1,5820
205225,1,1869
164627,1,16050
127896,1,502
154386,1,589
121690,1,0
179939,1,2476
169709,1,361
133941,1,0
209264,1,233
136602,1,3722
189952,1,1889
171054,1,0
194862,1,4491
186076,1,2578
156947,2,7095
125408,1,95
192120,1,3647
141706,1,6293
195097,1,4695
187772,2,9551
137016,1,3357
134442,1,1392
164223,2,3528
143774,1,5638
184458,1,5605
212747,1,0
133796,2,11525
190843,1,2895
213891,1,4362
175222,1,4342
159721,1,859
180526,1,7377
205319,1,4265
103008,1,0
209593,1,5752
185724,1,83
208929,1,949
140034,1,2279
192526,1,1672
155815,1,612
136585,1,2411
138721,1,2535
211406,1,1094
200687,1,7841
131810,1,7036
162512,1,6185
125776,1,579
201959,1,1157
206869,1,3543
149151,1,988
176730,1,450
129084,1,936
125936,1,6286
194648,1,9290
219878,1,7683
191503,1,477
159198,1,3915
125414,1,1569
145552,1,0
196034,1,654
151558,1,5298
193112,1,114
202069,1,915
212493,1,325
174816,1,163
172762,1,513
199442,1,1363
137287,1,619
137618,1,537
144860,1,2527
124993,1,0
177869,1,18114
168007,1,1866
140170,1,2279
212903,1,287
136185,1,1436
211647,1,0
188106,1,671
131928,1,8113
122595,1,718
205937,1,7267
202006,1,115
209107,1,2832
168863,1,1807
131929,1,1643
121117,1,0
188571,1,758
190516,1,894
185358,1,29
193495,1,149
140061,1,1681
199716,1,0
167966,1,0
157357,1,8919
154096,1,1406
208623,1,1023
196938,1,4866
209578,1,1436
195172,1,3578
210541,1,0
180416,1,477
180260,1,2429
194264,1,4206
161541,1,0
135025,1,87
176940,1,111
171554,1,797
220144,1,748
129051,1,923
173572,1,1327
142385,1,2483
161008,1,1845
144966,1,672
189886,1,536
127070,2,2866
152980,1,4473
159738,1,1325
219184,2,951
196041,1,825
213934,1,4588
126582,1,1726
216406,1,6234
199642,2,23022
137740,1,274
182987,1,3001
212544,1,9115
184294,1,583
146842,1,770
186746,1,10
135461,1,0
157226,1,7197
185339,1,1047
121961,1,1003
218547,2,8779
191025,1,2692
190508,1,3955
162173,1,1775
126327,1,2076
134768,1,4201
199140,1,0
174025,1,9149
212701,1,1153
148290,1,2312
215083,1,11780
146411,2,6176
197755,1,0
162589,1,875
157727,1,400
204486,1,878
171665,1,30122
198544,1,2571
145238,1,3708
189830,1,5927
148799,1,477
161674,1,1948
193344,1,1724
186391,1,1073
168918,1,2559
182881,1,930
139094,1,1720
174927,1,0
145242,1,259
159290,1,0
125840,1,550
180968,1,1373
199080,1,1907
191854,1,3934
141593,1,0
168143,1,508
200894,1,0
142354,1,882
158118,1,662
150759,1,9817
183117,1,0
195840,1,25
142437,1,421
130718,1,2553
146478,1,1767
124933,1,591
167897,1,0
217522,1,1532
179923,1,1466
146366,1,1069
207876,1,1376
215891,1,251
149978,1,0
173134,1,251
141257,1,992
209904,1,2039
183362,1,1192
126875,1,5149
154028,1,0
167418,2,2887
157898,1,4645
194008,1,2556
158910,1,0
173025,1,1713
169648,1,13035
187591,1,0
170878,1,2455
132667,1,1963
153457,1,6406
164743,1,2342
123579,1,554
102630,1,0
160190,1,255
211689,1,1123
168843,1,681
184891,1,2108
206551,1,9836
148235,1,1292
192580,1,0
218473,1,0
186391,1,0
180081,1,0
212511,1,1541
153734,1,1372
185926,1,13
173069,1,1477
186640,1,1440
214477,1,3
199870,1,3785
134840,1,1852
188862,1,0
124467,1,670
154390,1,296
183984,1,3146
149476,1,15444
154070,1,3471
175609,1,857
121590,1,979
186227,1,2555
152944,1,200
142396,1,1879
155763,1,5291
190649,1,1776
181801,1,2280
200682,1,499
138735,1,714
215792,1,2698
172467,1,6212
196432,1,2045
197394,1,11259
142975,1,4821
134944,1,1280
123318,1,1689
191618,1,131
138599,1,982
188953,1,2501
171224,1,3831
147980,1,10818
125669,1,0
124899,1,5769
152988,1,2563
146075,1,14398
143884,1,254
124706,1,10154
121125,1,2428
219628,1,4005
199732,1,4230
156520,1,1979
140296,1,11175
131626,1,3926
173903,1,3729
124524,1,801
153755,1,276
147003,2,1323
183359,1,2943
137218,1,6227
178291,1,1044
200038,1,1053
203378,1,20
207624,1,0
147154,1,16885
184995,1,1519
213734,1,531
169372,1,105
218180,1,507
193854,1,377
209438,1,569
198653,1,4483
202440,1,61
164136,1,3496
152252,1,1108
192914,1,3730
135362,1,837
212750,1,0
199538,1,1904
164366,1,0
194917,1,12460
208695,1,7317
170168,1,1118
218217,1,6508
175199,1,0
213186,1,0
111861,1,0
210285,1,2637
143148,1,759
128194,1,606
166351,2,14810
173343,1,863
192453,1,0
175412,1,4147
151805,1,502
149461,1,2451
213556,3,2757
141029,1,1930
150065,1,578
166751,1,4175
123012,1,640
210234,1,2183
195403,1,6409
189832,1,973
156461,2,15847
152030,1,287
128554,1,0
191732,1,360
209699,1,0
142070,1,497
219598,1,0
122512,1,24217
153291,1,0
177037,1,13814
173061,1,2165
174860,1,2532
197264,1,210
190469,1,839
157352,1,3025
172688,1,3440
213020,1,4946
121149,1,1617
160795,1,2199
184075,1,0
190662,1,3113
172535,1,2355
139171,1,3297
157513,1,0
201121,1,9519
185934,1,412
159376,1,2184
187879,1,81
134612,1,1970
130145,1,4186
142152,1,257
185422,1,1962
151744,1,2728
116548,1,0
174161,1,1028
143777,1,308
189369,1,477
140156,1,1976
165819,2,755
193838,1,20220
198675,1,900
175042,1,18908
130278,1,178
133126,1,650
171560,1,2628
212573,1,5208
173835,1,1415
149227,1,675
151466,1,5325
181337,1,3652
122853,1,0
208920,1,1258
130353,1,3563
158456,1,3686
216785,1,185
135540,2,3714
124650,2,8071
150874,1,647
173367,1,810
145935,1,322
149907,1,4532
149691,1,185
193560,1,3953
128816,1,1819
133327,1,380
214064,1,0
199211,1,989
153599,1,335
173368,1,2665
183019,1,0
123519,1,3756
167762,1,2476
176780,1,3419
174334,1,339
153754,1,981
191243,1,0
133984,1,0
162204,1,287
215140,1,1450
203361,1,3161
220244,1,1479
216709,1,3455
136424,1,3879
188629,1,2867
123853,1,4102
126378,1,3834
209687,1,2687
154226,1,2446
169976,1,0
203758,1,4033
128672,1,3015
188434,1,564
216805,1,210
123084,1,2247
198297,1,724
174126,1,3870
136050,1,0
140748,1,9218
216663,1,248
198575,1,1352
218144,1,2056
154175,1,0
149395,1,2731
160563,1,4522
145302,1,1200
219789,1,526
168039,1,11010
206676,1,1415
163463,1,1685
219898,1,0
177809,1,383
207751,1,694
133123,1,5064
142766,2,1510
181025,1,3541
199339,1,2310
216663,1,0
195615,1,2432
184747,1,11784
205417,1,414
127772,1,969
201440,1,2458
172710,2,6017
137320,1,2958
126703,1,1443
196098,1,3494
161043,1,315
159392,1,0
167628,1,2502
182308,1,1353
145630,1,3588
194834,1,1761
205990,1,13656
204774,1,262
218040,1,31
153361,1,2303
190719,1,617
208244,1,581
188225,1,0
202221,1,3455
199846,1,978
143159,1,266
156621,1,4141
127134,1,25528
150508,2,613
178769,1,12757
127026,1,485
177335,1,905
138065,1,607
208716,1,3423
207241,1,3790
214984,1,1281
214676,1,9878
134746,1,89
145666,1,3848
124990,1,786
174018,1,2589
184353,1,4850
186719,1,4995
189001,1,2958
196080,1,2217
118513,1,0
131387,1,3587
165332,1,293
180222,1,10549
144937,1,279
135847,1,2792
209055,1,2713
132429,1,1027
158293,1,0
186871,1,2892
169167,1,194
183328,1,6911
159275,2,6761
152651,1,634
141452,1,2411
217762,1,655
125631,1,18452
163481,1,2296
177290,1,1503
161980,2,414
189165,1,3348
177064,1,1572
168416,1,239
200564,1,0
147244,1,51
171588,1,7089
188524,1,1075
215069,1,121
198728,1,5456
149788,1,5352
130624,1,1777
209916,1,2814
143829,1,5407
148198,1,611
172211,1,242
109140,1,0
176546,1,2650
153036,1,606
145644,1,113
160622,1,2364
151662,1,3081
188841,1,1968
176580,1,541
177699,1,16280
167663,1,7262
175198,1,5292
153696,1,0
220485,1,0
163036,1,2580
202350,1,22
177309,1,10216
160007,1,212
126797,1,946
195110,3,4058
136430,1,1892
126109,1,1181
181179,1,1213
132189,1,687
115729,1,0
179853,1,827
152536,1,0
168399,1,8735
177808,1,2328
147447,1,753
208904,1,3581
199763,1,749
185613,1,8574
199711,1,5821
179789,1,1548
146377,1,2604
175215,1,32345
197295,1,3512
124056,1,6459
187957,2,9973
121934,1,3159
207301,1,5773
218510,1,7680
164371,1,3820
209202,1,3923
149261,1,471
164673,1,264
141097,1,705
216876,1,10114
166798,1,3007
201120,1,218
185559,1,9815
217490,1,410
193806,1,0
127349,1,237
144827,1,126
161110,1,0
175890,1,774
125994,1,5598
138570,1,3471
193831,1,0
140614,1,92
137459,1,961
159226,1,1705
188813,1,2106
133747,1,1169
155622,1,2185
160621,1,6267
166439,1,0
194007,1,3122
197819,1,2668
127946,1,755
209677,1,9174
196774,1,5515
186562,1,0
159977,1,1465
186051,1,1688
145850,1,686
208091,1,1771
202662,1,1724
211109,1,1387
208483,1,0
142659,1,2556
153189,1,4861
208194,1,3623
140453,1,3033
130278,1,0
180311,1,2991
157936,1,5304
138794,1,1653
192494,1,560
133182,1,14643
216986,1,6316
156039,1,1514
121112,1,1116
196399,1,2055
166676,1,368
156199,1,962
132271,1,1727
161504,3,4029
196029,1,1916
126839,1,4438
150738,1,817
218020,1,730
188573,1,0
192194,1,23986
117790,1,0
212242,1,346
140787,2,7985
207074,1,2134
191126,1,2091
127118,1,1413
183406,1,421
191608,1,982
196394,1,0
178662,1,10344
141812,1,2891
200288,1,5380
167262,1,3058
121894,1,6299
190592,1,349
142696,1,2992
170266,1,849
206832,1,0
141841,1,4470
122805,1,1963
132757,1,13378
159482,1,1781
177115,1,2671
169698,1,548
196371,1,595
195917,1,745
185068,1,276
145073,1,2289
173922,1,8580
122621,1,358
183677,1,71
176728,1,5681
186415,1,2632
144638,1,3219
160085,1,1231
166912,1,603
130045,1,9228
219299,1,6602
191525,1,0
161748,1,14517
128279,1,6205
128361,1,4582
190003,1,1043
172870,1,4273
169441,2,1479
217136,1,119
163684,1,1379
178240,1,1440
220365,1,1639
211184,1,6508
180658,1,3381
195988,2,7207
139020,1,0
211973,1,2173
169545,1,0
125421,1,720
159195,1,2215
132318,1,387
172324,1,4739
192696,1,5224
146641,1,4260
135332,1,1656
212791,2,1927
177039,1,3991
208984,1,1698
131216,1,12210
172381,1,321
137840,1,1205
171167,1,460
137246,1,12416
145522,1,4301
150271,1,20214
128265,1,3097
183847,1,5269
214793,2,3371
217035,1,3359
137149,1,539
134618,1,1199
150515,1,1335
159996,2,3920
146089,1,9990
166916,1,0
165223,1,0
218507,1,4367
201287,1,3296
207648,1,1580
173004,1,56
140642,1,401
205868,1,5500
202529,1,69
200433,1,259
146986,1,682
130646,1,3920
147914,1,616
166314,1,3347
146993,1,36
127822,1,5126
138863,1,408
129850,1,599
194136,1,0
173120,1,1888
187361,1,0
215700,1,2100
132486,1,18
164222,1,990
169986,1,547
193616,2,2361
186383,1,253
125939,1,3225
191450,1,5541
196410,1,2915
215875,1,1186
138595,1,20068
146468,1,0
198149,1,0
199779,1,4773
147841,1,3309
135721,1,0
207972,1,0
134714,1,1242
149113,1,449
216751,1,10201
132417,1,532
199712,1,960
149999,1,5762
190271,1,681
210089,1,4158
201975,1,994
189675,1,13817
155095,1,2660
121176,1,0
188018,1,513
163272,1,952
141559,1,0
136252,1,883
127055,1,14629
175316,1,0
132252,1,717
139710,1,3404
129219,1,1172
220686,1,269
201264,1,1660
217967,1,306
132650,1,1001
209660,1,4656
207625,1,9
203412,1,138
122187,1,0
200157,1,376
107106,1,0
147071,1,300
147272,1,154
212118,1,0
172617,1,1498
186707,1,909
150836,1,960
185043,1,3995
135812,1,2841
193450,1,320
198089,1,116
210221,1,1137
161578,1,518
142630,1,6358
184092,1,9687
206280,1,0
165372,1,2727
172380,1,17549
177049,1,214
134307,1,769
191805,1,0
123544,1,6625
210365,1,511
190174,1,3265
203388,1,732
216824,1,2560
189513,1,1749
170117,1,11140
135972,1,6068
199914,1,35083
130464,1,2410
162107,1,293
145051,1,1164
185617,1,11
136226,2,4509
208354,1,285
178797,1,1010
161623,1,2332
197346,1,1760
126499,1,8126
134313,1,0
211449,1,7329
148838,1,4286
183354,1,10720
161796,2,6459
163856,1,11955
173172,1,402
177110,1,4101
131708,1,14541
217063,1,177
174397,1,757
150920,1,4482
172258,1,763
152937,1,11220
219402,1,692
144802,1,0
212154,1,11343
189544,1,3281
140069,1,2340
216692,2,6455
209474,1,9858
175806,2,3895
214780,1,53
219324,1,1309
163942,1,23
198009,1,0
159810,1,21106
198602,2,3801
188317,1,1130
205771,1,6390
205682,1,9862
165714,1,1485
154662,1,285
209959,1,0
209244,1,2114
166874,1,2365
128962,1,2083
191798,1,0
219526,1,1766
172541,1,1120
181271,1,1738
131620,1,1917
211802,1,1060
171997,1,1905
161925,1,10719
150626,1,324
144139,1,0
185214,1,228
199086,1,1338
137437,1,244
200118,1,248
128104,1,559
195667,1,784
205244,1,2338
206131,1,14149
207523,1,597
175212,1,916
212866,1,1920
136605,1,3818
150339,1,0
121827,1,6175
217182,1,1145
123380,1,254
196309,1,884
147981,1,211
169971,1,402
168643,1,408
183309,1,30824
197084,1,1638
184272,1,874
141631,1,987
176047,1,955
182397,1,310
198049,1,2217
187252,1,5445
213648,1,1762
199702,1,4263
183921,1,0
168969,1,389
158170,1,1123
147864,1,12930
137432,1,0
186764,1,7642
177082,1,54094
136307,1,7665
145828,1,3833
145386,1,1707
207266,1,1298
210696,1,5075
151841,1,1258
149857,1,1933
141021,1,941
159636,1,2824
170979,1,0
205192,1,4706
211580,1,12141
211229,1,12980
208735,1,19159
215297,1,2157
167008,1,1071
181761,1,154
178737,1,2890
130363,1,1525
179419,1,417
160990,1,20
125878,1,31998
216612,1,1674
185586,1,0
214195,1,2823
169602,1,10895
153579,1,1586
215912,1,177
155951,1,3518
124826,1,24288
205523,1,272
124297,1,683
197657,1,4345
144083,1,0
134619,1,2547
139219,1,4522
170338,1,4726
149291,1,2985
121602,1,278
152869,1,3903
182314,1,2683
142126,1,0
124707,2,9440
130315,1,1043
155465,1,0
217714,1,4029
215171,1,2974
210767,1,2955
179328,1,1519
136667,1,0
217250,1,75
197519,1,0
135542,1,3735
122680,1,942
132670,1,615
209071,1,1937
216013,1,1292
148564,1,5342
179516,1,9098
144093,1,1098
152223,1,17330
197549,1,1638
192995,1,634
185542,1,2815
216335,1,5291
180483,1,9469
193025,1,0
195963,1,0
153822,1,12
180479,1,3115
202582,2,1407
169657,1,8610
166255,1,644
175792,1,282
204836,1,3655
152885,1,510
185296,1,0
159896,1,1895
212439,1,99
175318,1,3122
199833,1,606
210843,1,3894
188296,1,3326
189851,2,1399
177289,1,2278
204797,1,0
143471,1,449
146054,1,694
196573,1,902
200549,1,104074
190500,1,1097
178465,1,585
121991,1,4817
180853,1,6114
219552,1,629
210128,1,0
142391,1,1078
215784,1,20276
139238,1,760
130156,1,2812
207464,1,3210
186120,2,3557
156906,1,0
167643,1,4100
215003,1,6582
207066,1,0
124182,1,2677
114934,1,0
130683,1,2011
189254,1,0
125325,1,9961
205988,1,222
149490,1,1328
127665,1,6859
196524,1,3716
187368,1,5100
146769,1,2228
161089,1,143
169927,1,800
143667,1,3926
207578,1,750
178113,1,3211
126296,1,3871
139641,1,2538
166928,2,8389
181742,1,3832
197855,1,1421
139663,1,3824
136854,1,1082
184269,2,5776
124229,2,2008
194906,1,5540
203004,1,69
191296,1,603
144399,1,511
217686,1,21455
207325,1,0
204223,1,3754
208987,1,0
207364,1,2792
121861,2,22463
135888,1,449
207721,1,3200
167521,1,937
205602,1,6163
204117,2,9167
201436,1,3702
134323,1,514
135747,2,7788
129718,1,4586
137652,1,6104
195914,1,0
176652,1,7564
201245,1,771
149785,1,3492
173372,1,0
195504,1,0
142876,1,1962
195462,1,0
163752,1,323
136792,1,3435
189356,1,1109
153170,1,437
181876,1,2701
139892,1,666
161643,1,88
203977,1,2192
192161,1,1028
169296,1,300
175349,1,541
217358,1,0
197144,1,1281
206318,1,1620
141002,1,2304
137173,1,2547
171619,1,0
137201,1,840
218255,1,1954
123251,1,709
164125,1,6324
129634,1,0
141217,1,2052
119671,1,0
177772,1,81
161262,1,391
212023,1,1410
123258,1,2285
183075,1,3949
176101,1,281
165957,1,2103
211617,1,0
186566,1,2362
141791,1,3352
167563,1,8140
152155,1,69
190503,1,419
128558,1,3785
145715,1,8633
200098,1,481
208527,1,1971
161000,1,0
171763,1,27958
136537,1,1808
177436,1,0
148112,1,0
156753,1,4660
160077,1,177
124518,1,585
182790,1,1163
182087,1,7148
217397,1,2137
215156,1,0
208462,1,2750
186883,1,3890
199622,1,0
131191,1,13447
213321,1,3745
171403,1,4064
178010,1,238
137964,1,12931
121870,1,259
148887,1,97
182423,1,6823
188585,1,719
135551,1,1428
123785,1,2803
175686,1,2293
181437,1,2752
135167,1,3011
174193,1,4067
194398,1,2275
133167,1,2156
133604,1,6551
126631,1,1954
209877,1,0
153685,1,7657
130029,1,855
205540,2,1417
138830,1,10074
155436,1,4654
153089,1,4208
131378,1,2861
204781,1,353
148601,1,2732
213261,1,3216
162677,1,233
212620,1,2637
212007,1,0
143681,1,3545
134822,1,3510
189353,1,3134
190580,1,13596
213727,1,0
203908,1,3446
198060,1,0
126420,1,303
197864,1,5175
200378,1,0
179559,1,5280
155631,1,3425
172171,1,2824
158776,1,19663
198149,1,315
186994,1,5927
140718,1,3429
154802,1,2083
145175,1,457
127264,1,1793
164570,1,9930
184848,1,1104
142052,1,2341
211430,1,1380
136993,1,3057
203901,1,765
197572,1,2699
191299,1,1959
197790,1,421
160382,2,8281
182147,1,5694
163697,1,4873
128465,1,502
215278,1,696
182984,1,399
190170,1,2810
123648,1,444
141132,1,2265
137939,2,2763
175920,1,39
183588,3,4273
143833,1,2799
149963,1,1925
200863,1,2397
121368,1,52879
197182,1,271
190922,1,657
138946,1,3983
190353,1,929
213031,1,17548
190161,1,432
154453,1,23549
148921,2,2616
141698,1,425
165935,1,1778
218660,1,2267
179546,1,1642
206330,1,0
194123,1,1956
155622,1,0
143942,1,363
171835,1,1930
205486,1,104
213880,1,0
214683,1,861
166427,2,2827
157311,1,1539
162835,1,1577
175102,1,1123
214220,1,2774
169508,1,749
220136,1,8970
127439,1,373
219885,1,2046
126719,1,355
183356,1,2925
167353,1,2548
124699,2,7287
172298,1,2253
187049,1,2649
148194,1,2442
175502,1,488
214877,1,4508
166049,1,2889
205205,1,334
173549,1,2483
185204,1,1364
121343,1,2288
177454,1,1018
122439,1,1822
123531,1,4627
205185,1,1221
154194,1,0
172210,1,515
185342,1,0
174936,1,208
195469,1,4531
213089,1,430
149501,1,1228
182551,1,2632
142700,1,671
195446,1,5113
166460,1,558
157778,1,2680
202327,1,4002
189039,1,2791
179631,1,54
171962,1,1248
155456,1,4432
130533,1,5190
200850,1,1283
202386,1,0
184800,1,2602
178096,1,9120
202572,1,6961
203211,1,894
166417,1,0
184178,1,5101
193901,1,0
208038,1,297
170603,1,373
208979,1,782
145501,1,1451
157482,1,2449
201725,1,3122
163251,1,8609
149131,1,75
165059,1,6001
173303,1,0
154138,1,1241
172979,1,753
138584,1,2210
198291,1,4589
205477,1,434
173724,1,1462
141501,1,1325
156354,1,5969
145488,1,2082
138920,1,2258
156030,1,4324
176929,1,3632
141277,1,1021
144403,1,5731
171966,1,2118
193128,1,0
161618,1,0
199908,1,3473
116687,1,0
124791,1,614
138235,1,1750
139183,2,2039
187838,1,1923
125065,1,4699
205533,1,9657
190930,1,4193
155328,1,1048
139194,1,1393
208216,1,0
156090,1,0
173034,1,2302
126210,1,54239
133959,1,62
200012,1,4417
176289,1,3359
136279,1,2185
144650,1,38405
182271,1,2247
142796,2,13823
217044,1,3323
137079,1,74
197387,1,245
141634,1,0
200524,1,5326
151714,1,571
181541,1,4337
182045,1,18944
124871,1,433
161064,1,54301
184959,1,11519
151618,1,902
132486,1,0
209378,1,1274
150188,1,2505
210937,1,3096
139193,1,2628
164814,1,118
193801,1,477
186134,1,31
194594,1,2687
122607,1,1384
176016,1,279
214650,1,7676
157413,1,996
165129,1,11838
160592,1,0
135514,1,9102
149485,1,1003
176536,1,0
197766,1,692
185444,2,4694
131986,1,1095
209011,1,2962
184859,1,0
187115,2,7495
164968,1,2707
162773,1,2087
200554,2,4193
151459,1,0
165015,1,1339
142502,1,0
130308,1,240
144193,1,346
160177,1,257
187774,1,81
199307,1,2898
148730,1,1720
133938,1,509
130666,1,32628
144687,1,4734
176597,1,0
161662,1,11018
181769,1,0
198335,1,312
151040,1,16866
193955,1,317
151688,1,298
185642,1,38321
167221,1,199
161266,2,9657
199884,1,2601
145166,1,112
219253,1,1243
216707,1,807
181259,1,340
190800,1,745
155262,1,29011
153915,1,210
197908,1,3425
190090,1,917
212123,1,1864
193024,1,1418
144038,1,1727
214230,1,539
132158,1,13068
164795,1,2973
147829,1,0
200815,1,3719
213159,1,1086
169331,1,2557
147750,1,495
189973,1,7372
170043,1,3380
157725,1,27668
126712,1,5483
152901,1,555
182485,1,5756
189105,1,113
205075,1,418
161830,1,2266
158947,1,299
156905,1,665
176975,1,2261
173119,1,94
146640,1,3594
155525,1,275
164395,1,174
144158,1,3334
173408,1,0
211175,1,3265
211722,1,0
187059,1,0
199863,1,397
178274,1,1070
150341,1,0
126748,1,3624
164764,1,6424
126255,1,1695
199039,1,1394
216234,1,3244
139212,1,1616
189712,1,2685
154228,1,2711
164077,1,1791
165906,1,2750
187919,1,2893
220083,1,6574
128207,1,4021
136655,1,445
129590,1,0
152068,1,2157
209999,1,0
162345,1,3902
187022,1,827
179273,1,1043
131130,1,923
212051,1,269
170213,1,706
158501,1,4058
147933,1,607
156852,1,1715
216369,1,863
220510,1,448
184666,1,533
218667,1,184
103285,1,0
182203,1,1290
143873,1,3942
186669,1,187
186703,1,6557
149025,1,599
206255,1,1253
156214,1,0
156177,1,3513
155835,1,238
136208,1,1092
105861,1,0
180580,1,477
110290,1,0
218494,1,1260
167372,1,16613
214560,1,183
215948,1,2
155267,1,2371
185553,1,1666
167984,1,8604
190351,1,1517
141062,2,2979
219767,1,3295
172366,1,1419
166618,1,5906
182373,2,10921
150752,1,11892
176308,1,1563
218347,1,757
124836,1,1262
212019,1,1013
125148,1,0
168859,1,4627
184470,1,2229
161633,1,1495
164752,1,4821
131884,1,1578
184866,2,2406
154697,1,818
178723,1,5942
148124,1,2387
170454,1,4215
212196,1,5685
212355,1,4546
135635,1,261
198058,1,0
175009,1,3159
144466,1,2141
140669,1,2244
189181,1,3178
144221,1,1845
134672,1,1691
198330,1,3637
165250,1,601
164833,1,293
184736,1,256
147665,1,3477
165794,2,7023
194153,1,0
122275,1,1919
188290,1,1635
176388,1,1067
122861,1,3679
199237,1,4547
181286,1,10560
159997,1,268
130415,1,1556
151443,1,587
129052,1,393
170797,1,7026
113174,1,0
136376,1,1792
212856,1,701
214705,1,23737
168067,1,4653
138123,1,3138
216316,1,1241
212914,1,1353
129874,1,76
176736,1,824
147734,1,44682
134349,2,418
130034,1,255
125453,1,7902
205161,1,2667
213018,1,634
149555,1,1032
140539,1,3623
205516,1,2560
180629,1,937
210487,1,1104
211137,1,5221
184832,1,5391
124762,1,2571
149162,1,382
159385,1,1513
175688,2,375
156487,1,3582
199599,1,13735
219203,1,0
151845,1,4051
180408,1,2888
205892,1,3855
172499,1,1755
172111,1,3194
207206,1,3556
175241,2,6416
155314,1,98
121913,1,593
180150,1,1719
200529,1,6782
178250,1,878
172885,3,2172
153470,2,2912
207723,1,0
205642,1,8063
201818,1,1873
192257,2,13619
130571,1,2864
151987,1,1039
204433,1,0
151051,1,3695
207917,1,700
132175,1,2231
151627,1,740
179496,1,1550
196192,1,282
180663,1,0
174125,2,23159
188880,1,5129
141085,1,1922
127162,1,2695
138948,1,78
185674,2,4518
126049,1,0
199324,1,185
122435,1,1363
145557,1,5357
122099,1,2365
147336,1,3678
121208,1,3403
140542,1,9130
190326,1,2149
192170,1,3051
153683,1,3495
155753,1,1417
206976,1,494
183871,1,893
188708,1,495
141499,1,295
203685,1,10627
187023,1,3722
195023,1,1432
204036,2,12198
142049,1,22693
151801,1,482
215617,1,3097
126934,1,581
171783,1,0
189849,1,1873
205844,1,0
193431,1,271
175799,1,24099
200292,1,510
152642,1,2631
220210,1,4308
200607,2,13594
134118,1,204
198123,1,171
217053,1,2750
135353,1,9639
160737,1,6587
127560,1,6420
188041,1,14
204502,1,8088
206474,1,228
143407,1,100
167700,1,616
181404,1,0
136434,1,3178
179800,1,2246
177966,1,2965
157705,1,2974
162026,1,6827
179965,1,2742
162569,1,0
160119,1,352
177616,1,26
146559,1,3590
179061,1,0
150161,1,1317
124342,1,2387
216173,1,1263
158896,1,445
218008,1,2551
162661,1,1555
139490,1,4245
209738,1,253
183899,2,30505
197742,1,5321
187118,1,3448
194422,1,3040
136322,1,7136
133309,1,5236
177825,1,5257
187358,1,5970
168566,1,4178
151693,1,0
165434,1,123
188063,1,2184
123963,1,457
121128,1,1415
168542,1,2318
169979,1,1540
182877,1,0
193635,2,0
155560,1,3793
216573,1,3891
181390,1,3507
125458,1,0
185300,1,484
175683,1,0
215717,1,6034
